{
  "timestamp": "2026-04-24T21:11:45.484943",
  "current_price": 4700.39915,
  "atr": 4.63934857142827,
  "htf_bias": "bearish",
  "structures": [],
  "active_fvgs": 7,
  "liquidity_zones": 10,
  "signals": []
}