{
  "timestamp": "2026-04-24T21:16:46.499204",
  "current_price": 4703.48353,
  "atr": 4.645017857142583,
  "htf_bias": "bearish",
  "structures": [],
  "active_fvgs": 8,
  "liquidity_zones": 10,
  "signals": []
}