{
  "timestamp": "2026-04-25T09:57:23.413231",
  "current_price": 4708.58575,
  "atr": 0.22880285714277956,
  "htf_bias": "bearish",
  "structures": [],
  "active_fvgs": 7,
  "liquidity_zones": 10,
  "signals": []
}