{
  "timestamp": "2026-04-24T21:41:51.722047",
  "current_price": 4704.35025,
  "atr": 6.30790214285688,
  "htf_bias": "bearish",
  "structures": [],
  "active_fvgs": 7,
  "liquidity_zones": 10,
  "signals": []
}