{
  "timestamp": "2026-04-24T20:26:35.835409",
  "current_price": 4708.92306,
  "atr": 4.7381614285712725,
  "htf_bias": "bearish",
  "structures": [],
  "active_fvgs": 5,
  "liquidity_zones": 10,
  "signals": []
}