{
  "timestamp": "2026-04-24T20:46:40.155402",
  "current_price": 4698.42573,
  "atr": 3.3746492857141157,
  "htf_bias": "bearish",
  "structures": [],
  "active_fvgs": 7,
  "liquidity_zones": 10,
  "signals": []
}