{
  "timestamp": "2026-04-22T21:43:55.631854",
  "current_price": 4749.79708,
  "atr": 4.499861428571486,
  "htf_bias": "bearish",
  "structures": [],
  "active_fvgs": 4,
  "liquidity_zones": 10,
  "signals": []
}