{
  "timestamp": "2026-04-22T19:13:16.967283",
  "current_price": 4757.28453,
  "atr": 2.7872492857143567,
  "htf_bias": "bearish",
  "structures": [],
  "active_fvgs": 5,
  "liquidity_zones": 10,
  "signals": []
}